Izaak Beekman <zbeekman>
Tom Canich <@tcanich>
Mark Carter <alt.mcarter@gmail.com>
Milan Curcic <milancurcic>
Bjoern Hendrik Fock <bjoern.fock@uni-hamburg.de>
Marco Galli <marcofgalli@gmail.com>
Oleksandr Sasha Huziy <@guziy>
Wadud Miah <@wadudmiah>
